randomization,time,steiner_points,energy,p_bar
False,1.365096603846088,21.11482779136643,25.61102664110531,0.21682355012577145
True,1.4079689801197395,35.12228864218616,45.446029035012806,0.6109731768569375
